700.00,0.0243
699.00,0.0244
698.00,0.0246
697.00,0.0248
696.00,0.0250
695.00,0.0252
694.00,0.0253
693.00,0.0256
692.00,0.0257
691.00,0.0259
690.00,0.0261
689.00,0.0264
688.00,0.0266
687.00,0.0269
686.00,0.0271
685.00,0.0272
684.00,0.0274
683.00,0.0276
682.00,0.0279
681.00,0.0282
680.00,0.0284
679.00,0.0287
678.00,0.0289
677.00,0.0291
676.00,0.0294
675.00,0.0298
674.00,0.0301
673.00,0.0304
672.00,0.0306
671.00,0.0309
670.00,0.0312
669.00,0.0315
668.00,0.0319
667.00,0.0322
666.00,0.0325
665.00,0.0329
664.00,0.0331
663.00,0.0335
662.00,0.0339
661.00,0.0342
660.00,0.0347
659.00,0.0351
658.00,0.0355
657.00,0.0359
656.00,0.0363
655.00,0.0368
654.00,0.0372
653.00,0.0377
652.00,0.0381
651.00,0.0386
650.00,0.0391
649.00,0.0395
648.00,0.0401
647.00,0.0406
646.00,0.0411
645.00,0.0416
644.00,0.0421
643.00,0.0426
642.00,0.0432
641.00,0.0438
640.00,0.0445
639.00,0.0451
638.00,0.0457
637.00,0.0464
636.00,0.0472
635.00,0.0479
634.00,0.0486
633.00,0.0493
632.00,0.0501
631.00,0.0508
630.00,0.0515
629.00,0.0524
628.00,0.0532
627.00,0.0540
626.00,0.0549
625.00,0.0557
624.00,0.0566
623.00,0.0577
622.00,0.0587
621.00,0.0597
620.00,0.0608
619.00,0.0619
618.00,0.0629
617.00,0.0641
616.00,0.0654
615.00,0.0665
614.00,0.0677
613.00,0.0690
612.00,0.0704
611.00,0.0720
610.00,0.0734
609.00,0.0748
608.00,0.0762
607.00,0.0777
606.00,0.0793
605.00,0.0809
604.00,0.0826
603.00,0.0844
602.00,0.0860
601.00,0.0879
600.00,0.0899
599.00,0.0919
598.00,0.0939
597.00,0.0961
596.00,0.0983
595.00,0.1005
594.00,0.1028
593.00,0.1053
592.00,0.1076
591.00,0.1102
590.00,0.1128
589.00,0.1155
588.00,0.1184
587.00,0.1214
586.00,0.1244
585.00,0.1274
584.00,0.1305
583.00,0.1337
582.00,0.1372
581.00,0.1407
580.00,0.1442
579.00,0.1478
578.00,0.1517
577.00,0.1555
576.00,0.1593
575.00,0.1635
574.00,0.1678
573.00,0.1722
572.00,0.1767
571.00,0.1814
570.00,0.1861
569.00,0.1910
568.00,0.1962
567.00,0.2013
566.00,0.2066
565.00,0.2122
564.00,0.2178
563.00,0.2235
562.00,0.2296
561.00,0.2355
560.00,0.2415
559.00,0.2476
558.00,0.2538
557.00,0.2600
556.00,0.2666
555.00,0.2730
554.00,0.2795
553.00,0.2860
552.00,0.2927
551.00,0.2995
550.00,0.3065
549.00,0.3136
548.00,0.3205
547.00,0.3274
546.00,0.3343
545.00,0.3411
544.00,0.3478
543.00,0.3544
542.00,0.3610
541.00,0.3674
540.00,0.3738
539.00,0.3803
538.00,0.3862
537.00,0.3921
536.00,0.3985
535.00,0.4036
534.00,0.4087
533.00,0.4138
532.00,0.4185
531.00,0.4227
530.00,0.4267
529.00,0.4304
528.00,0.4337
527.00,0.4366
526.00,0.4391
525.00,0.4413
524.00,0.4431
523.00,0.4447
522.00,0.4455
521.00,0.4461
520.00,0.4462
519.00,0.4458
518.00,0.4451
517.00,0.4440
516.00,0.4425
515.00,0.4404
514.00,0.4381
513.00,0.4353
512.00,0.4323
511.00,0.4292
510.00,0.4256
509.00,0.4217
508.00,0.4178
507.00,0.4137
506.00,0.4094
505.00,0.4050
504.00,0.4004
503.00,0.3955
502.00,0.3909
501.00,0.3861
500.00,0.3812
499.00,0.3766
498.00,0.3719
497.00,0.3670
496.00,0.3621
495.00,0.3574
494.00,0.3531
493.00,0.3486
492.00,0.3444
491.00,0.3404
490.00,0.3363
489.00,0.3325
488.00,0.3288
487.00,0.3254
486.00,0.3219
485.00,0.3186
484.00,0.3155
483.00,0.3126
482.00,0.3098
481.00,0.3071
480.00,0.3046
479.00,0.3023
478.00,0.3002
477.00,0.2979
476.00,0.2958
475.00,0.2939
474.00,0.2919
473.00,0.2901
472.00,0.2883
471.00,0.2865
470.00,0.2852
469.00,0.2839
468.00,0.2825
467.00,0.2812
466.00,0.2800
465.00,0.2789
464.00,0.2777
463.00,0.2767
462.00,0.2759
461.00,0.2751
460.00,0.2742
459.00,0.2736
458.00,0.2730
457.00,0.2723
456.00,0.2717
455.00,0.2711
454.00,0.2707
453.00,0.2702
452.00,0.2698
451.00,0.2695
450.00,0.2690
449.00,0.2687
448.00,0.2685
447.00,0.2682
446.00,0.2678
445.00,0.2678
444.00,0.2677
443.00,0.2670
442.00,0.2668
441.00,0.2670
440.00,0.2669
439.00,0.2670
438.00,0.2673
437.00,0.2672
436.00,0.2674
435.00,0.2676
434.00,0.2675
433.00,0.2674
432.00,0.2674
431.00,0.2675
430.00,0.2677
429.00,0.2678
428.00,0.2681
427.00,0.2682
426.00,0.2682
425.00,0.2684
424.00,0.2687
423.00,0.2691
422.00,0.2694
421.00,0.2699
420.00,0.2700
419.00,0.2702
418.00,0.2705
417.00,0.2709
416.00,0.2713
415.00,0.2717
414.00,0.2722
413.00,0.2726
412.00,0.2733
411.00,0.2738
410.00,0.2745
409.00,0.2748
408.00,0.2753
407.00,0.2758
406.00,0.2765
405.00,0.2775
404.00,0.2780
403.00,0.2786
402.00,0.2793
401.00,0.2801
400.00,0.2810
399.00,0.2816
398.00,0.2823
397.00,0.2829
396.00,0.2836
395.00,0.2843
394.00,0.2850
393.00,0.2856
392.00,0.2860
391.00,0.2864
390.00,0.2866
389.00,0.2874
388.00,0.2884
387.00,0.2888
386.00,0.2895
385.00,0.2904
384.00,0.2907
383.00,0.2916
382.00,0.2923
381.00,0.2929
380.00,0.2939
379.00,0.2945
378.00,0.2952
377.00,0.2960
376.00,0.2966
375.00,0.2972
374.00,0.2976
373.00,0.2988
372.00,0.2999
371.00,0.3010
370.00,0.3016
369.00,0.3022
368.00,0.3038
367.00,0.3042
366.00,0.3045
365.00,0.3058
364.00,0.3061
363.00,0.3065
362.00,0.3078
361.00,0.3080
360.00,0.3084
359.00,0.3084
358.00,0.3096
357.00,0.3104
356.00,0.3103
355.00,0.3105
354.00,0.3110
353.00,0.3113
352.00,0.3127
351.00,0.3130
350.00,0.3120
349.00,0.3109
348.00,0.3110
347.00,0.3101
346.00,0.3090
345.00,0.3092
344.00,0.3096
343.00,0.3104
342.00,0.3109
341.00,0.3117
340.00,0.3143
339.00,0.3145
338.00,0.3153
337.00,0.3155
336.00,0.3163
335.00,0.3176
334.00,0.3184
333.00,0.3196
332.00,0.3203
331.00,0.3217
330.00,0.3232
329.00,0.3247
328.00,0.3257
327.00,0.3273
326.00,0.3289
325.00,0.3299
324.00,0.3314
323.00,0.3332
322.00,0.3345
321.00,0.3358
320.00,0.3375
319.00,0.3395
318.00,0.3407
317.00,0.3428
316.00,0.3444
315.00,0.3459
314.00,0.3481
313.00,0.3499
312.00,0.3516
311.00,0.3537
310.00,0.3558
309.00,0.3581
308.00,0.3603
307.00,0.3623
306.00,0.3654
305.00,0.3686
304.00,0.3714
303.00,0.3739
302.00,0.3761
301.00,0.3789
300.00,0.3814
