Time_Sec;D_1(t);D_2(t);D_3(t);D_4(t);D_5(t)
0;2.6657;3.0239;2.9488;2.8288;2.5267
1;2.6645;3.0243;2.9456;2.8208;2.5241
2;2.663;3.0237;2.9411;2.8143;2.5207
3;2.6614;3.021;2.9372;2.8095;2.5171
4;2.6596;3.0158;2.9332;2.8057;2.5146
5;2.6577;3.0091;2.9293;2.8023;2.5107
6;2.6556;3.0029;2.9253;2.7994;2.5069
7;2.6536;3.0006;2.9214;2.796;2.5033
8;2.6518;2.9959;2.9174;2.7922;2.4996
9;2.6502;2.984;2.9138;2.788;2.4962
10;2.6486;2.971;2.9104;2.7837;2.493
11;2.6472;2.9603;2.907;2.7793;2.4897
12;2.6459;2.9533;2.9033;2.7753;2.4866
13;2.6447;2.9521;2.8997;2.772;2.4833
14;2.6433;2.9548;2.8958;2.7686;2.48
15;2.6419;2.9595;2.8924;2.7644;2.4766
16;2.6405;2.9651;2.8891;2.7604;2.4733
17;2.639;2.969;2.8856;2.7562;2.47
18;2.6374;2.9704;2.8824;2.7508;2.4667
19;2.6359;2.9706;2.8791;2.7471;2.4637
20;2.6345;2.9689;2.876;2.7432;2.4605
21;2.633;2.9646;2.8727;2.7394;2.4573
22;2.6315;2.9583;2.8696;2.7353;2.4532
23;2.6301;2.952;2.8661;2.7311;2.4498
24;2.6286;2.9457;2.8627;2.7264;2.4463
25;2.627;2.9383;2.8595;2.7225;2.4426
26;2.6256;2.9303;2.8562;2.7187;2.4386
27;2.6241;2.9232;2.8531;2.7144;2.4344
28;2.6228;2.9177;2.8501;2.7107;2.4306
29;2.6216;2.9123;2.8475;2.7076;2.4261
30;2.6202;2.907;2.8448;2.7046;2.4224
31;2.6185;2.9009;2.8419;2.7015;2.4192
32;2.6169;2.8927;2.8389;2.6981;2.4157
33;2.615;2.885;2.8362;2.6944;2.4114
34;2.613;2.8775;2.8335;2.6917;2.407
35;2.6111;2.8691;2.8302;2.6878;2.4033
36;2.6092;2.8612;2.8266;2.683;2.3997
37;2.6075;2.8539;2.8233;2.6779;2.3966
38;2.6056;2.8467;2.8205;2.673;2.3932
39;2.6036;2.8397;2.8177;2.6685;2.3899
40;2.6014;2.8336;2.815;2.6645;2.3865
41;2.5991;2.8285;2.8125;2.66;2.383
42;2.5965;2.8239;2.8095;2.6549;2.3796
43;2.5937;2.8204;2.8063;2.6509;2.3768
44;2.5908;2.8172;2.8036;2.6471;2.3738
45;2.5878;2.8147;2.8009;2.6432;2.3709
46;2.5849;2.812;2.7981;2.6392;2.3682
47;2.5822;2.8092;2.7951;2.6352;2.3655
48;2.5797;2.8064;2.7922;2.6302;2.3624
49;2.5773;2.8036;2.7895;2.6254;2.3599
50;2.5751;2.8011;2.7869;2.6211;2.3568
51;2.5731;2.7983;2.7838;2.6161;2.3539
52;2.5713;2.7955;2.7801;2.6117;2.3511
53;2.5696;2.793;2.7766;2.6077;2.3482
54;2.5678;2.7903;2.7732;2.6037;2.3453
55;2.5658;2.7882;2.77;2.5992;2.3412
56;2.5636;2.7866;2.7667;2.5953;2.3358
57;2.5612;2.7853;2.7635;2.5911;2.3303
58;2.5587;2.7838;2.7602;2.5874;2.3244
59;2.556;2.7821;2.7572;2.5838;2.3192
60;2.5534;2.78;2.7548;2.5801;2.3135
61;2.5511;2.778;2.7524;2.576;2.3079
62;2.5491;2.7764;2.7497;2.5718;2.3028
63;2.5475;2.7736;2.747;2.5676;2.2985
64;2.5461;2.7697;2.7442;2.5637;2.2938
65;2.5449;2.7664;2.7412;2.5601;2.2895
66;2.5437;2.7627;2.7383;2.5565;2.2856
67;2.5424;2.7592;2.7355;2.5516;2.2792
68;2.5409;2.7559;2.7325;2.5464;2.2739
69;2.5394;2.7526;2.7298;2.5424;2.2691
70;2.5378;2.7493;2.728;2.5379;2.2646
71;2.5362;2.7457;2.7261;2.5342;2.2593
72;2.5348;2.7418;2.7237;2.5302;2.2531
73;2.5334;2.7375;2.7207;2.5263;2.2479
74;2.5323;2.733;2.7174;2.5224;2.2436
75;2.5313;2.7284;2.7132;2.5185;2.239
76;2.5308;2.7238;2.7084;2.5146;2.2334
77;2.5303;2.7189;2.7037;2.5103;2.2279
78;2.5297;2.7139;2.7001;2.5063;2.222
79;2.5289;2.7094;2.6972;2.5027;2.2167
80;2.528;2.7051;2.6948;2.4988;2.2125
81;2.5271;2.7009;2.6929;2.4948;2.2082
82;2.5257;2.697;2.6897;2.4909;2.2018
83;2.5242;2.6934;2.687;2.4874;2.195
84;2.5224;2.69;2.6856;2.4834;2.189
85;2.5205;2.6868;2.6834;2.4797;2.1835
86;2.5182;2.6836;2.6813;2.4757;2.1783
87;2.5158;2.6803;2.6793;2.472;2.1741
88;2.5131;2.6763;2.6756;2.4681;2.1708
89;2.5104;2.6727;2.6721;2.4644;2.167
90;2.5076;2.6691;2.6691;2.4607;2.1619
91;2.5047;2.6656;2.6656;2.4574;2.1559
92;2.5019;2.6621;2.6629;2.4541;2.1503
93;2.4993;2.6588;2.66;2.4506;2.1438
94;2.4966;2.6553;2.6562;2.4467;2.1363
95;2.4941;2.6513;2.6528;2.4422;2.1294
96;2.4916;2.6476;2.6494;2.4383;2.1231
97;2.4891;2.6441;2.6463;2.4344;2.1164
98;2.4865;2.6407;2.6432;2.4307;2.1105
99;2.484;2.6373;2.6398;2.4272;2.1049
100;2.4814;2.6338;2.6358;2.4238;2.0998
101;2.479;2.6303;2.6321;2.4201;2.0951
102;2.4767;2.6267;2.6289;2.4163;2.0905
103;2.4746;2.623;2.626;2.4124;2.0846
104;2.4727;2.6192;2.6236;2.4088;2.078
105;2.4708;2.6156;2.6213;2.4056;2.0716
106;2.4689;2.6119;2.619;2.4021;2.0657
107;2.4669;2.6081;2.6169;2.3986;2.0599
108;2.4647;2.6043;2.6142;2.3949;2.0547
109;2.4623;2.6007;2.6112;2.3915;2.0493
110;2.4601;2.5968;2.6087;2.3882;2.0446
111;2.458;2.5931;2.6066;2.3852;2.0415
112;2.4562;2.5891;2.6046;2.3822;2.0366
113;2.4544;2.585;2.6027;2.379;2.0307
114;2.4528;2.5811;2.6006;2.3757;2.0258
115;2.4515;2.5773;2.5985;2.3724;2.0225
116;2.4503;2.5735;2.5953;2.3689;2.0205
117;2.4491;2.5697;2.5922;2.3654;2.0166
118;2.4478;2.5659;2.5892;2.3621;2.0118
119;2.4465;2.5622;2.5858;2.3586;2.0072
120;2.445;2.5586;2.5826;2.3551;2.0013
121;2.4437;2.5549;2.5801;2.3518;1.994
122;2.4426;2.5511;2.5776;2.3487;1.9898
123;2.4416;2.5472;2.5749;2.3456;1.9858
124;2.4407;2.5435;2.5722;2.3405;1.9813
125;2.4397;2.5399;2.5695;2.3341;1.9767
126;2.4385;2.5363;2.5668;2.3272;1.9737
127;2.437;2.5326;2.5644;2.3208;1.9711
128;2.4353;2.5291;2.5623;2.3144;1.9675
129;2.4334;2.5255;2.56;2.3078;1.9632
130;2.4314;2.5219;2.5577;2.3013;1.9585
131;2.4295;2.5182;2.5554;2.2947;1.9542
132;2.4276;2.5146;2.5529;2.2891;1.949
133;2.4257;2.5114;2.5509;2.2833;1.9457
134;2.4239;2.5085;2.5481;2.2777;1.943
135;2.4221;2.5059;2.5441;2.272;1.9399
136;2.4204;2.5032;2.5405;2.2663;1.9345
137;2.4189;2.5005;2.5376;2.2608;1.9279
138;2.4173;2.4979;2.5347;2.2547;1.9233
139;2.4158;2.4953;2.5323;2.2478;1.9194
140;2.4143;2.4926;2.5301;2.2409;1.916
141;2.4126;2.4902;2.5278;2.235;1.9128
142;2.4108;2.4878;2.5249;2.2303;1.9095
143;2.4089;2.4855;2.5218;2.2249;1.9059
144;2.4069;2.483;2.5188;2.2189;1.9023
145;2.4049;2.4805;2.5164;2.2125;1.8989
146;2.4032;2.478;2.5152;2.206;1.8942
147;2.4018;2.4753;2.5131;2.1995;1.8898
148;2.4008;2.4726;2.5094;2.1934;1.8859
149;2.4;2.47;2.5064;2.1875;1.8822
150;2.3993;2.4674;2.5033;2.1818;1.8786
151;2.3984;2.465;2.5004;2.1762;1.8752
152;2.3976;2.4627;2.4977;2.1704;1.8718
153;2.3967;2.4602;2.495;2.1647;1.8688
154;2.3959;2.4573;2.4922;2.1592;1.8657
155;2.3947;2.4541;2.4892;2.1538;1.8628
156;2.3932;2.4508;2.4869;2.1483;1.8596
157;2.3913;2.4475;2.485;2.1429;1.8555
158;2.3893;2.4442;2.4821;2.1375;1.8508
159;2.3871;2.441;2.4788;2.1322;1.847
160;2.385;2.4377;2.476;2.1271;1.8433
161;2.3827;2.4344;2.473;2.1217;1.84
162;2.3803;2.4312;2.4699;2.117;1.8364
163;2.378;2.4282;2.4665;2.1126;1.8335
164;2.3756;2.4252;2.4634;2.1078;1.8309
165;2.3734;2.4218;2.4604;2.1027;1.8276
166;2.3714;2.4186;2.4573;2.0978;1.8241
167;2.3694;2.4158;2.4541;2.0932;1.821
168;2.3677;2.4128;2.4512;2.0889;1.8174
169;2.3661;2.4096;2.4484;2.0842;1.8137
170;2.3646;2.4065;2.4458;2.0789;1.8103
171;2.3631;2.404;2.4437;2.0733;1.8069
172;2.3615;2.4012;2.4415;2.0678;1.8038
173;2.36;2.3986;2.4387;2.0629;1.8008
174;2.3585;2.3961;2.4363;2.0584;1.7977
175;2.357;2.3936;2.4346;2.0539;1.7943
176;2.3556;2.3912;2.434;2.0492;1.791
177;2.3543;2.3889;2.4329;2.0443;1.7878
178;2.3529;2.3867;2.4293;2.0389;1.7847
179;2.3515;2.384;2.4262;2.0334;1.7816
180;2.3501;2.3816;2.4243;2.0282;1.7783
181;2.3487;2.3789;2.4213;2.0231;1.7752
182;2.3471;2.3761;2.4179;2.0181;1.7722
183;2.3456;2.3732;2.415;2.0132;1.7693
184;2.3435;2.3703;2.4126;2.0084;1.7663
185;2.3408;2.3675;2.4102;2.0034;1.7633
186;2.3387;2.3648;2.4074;1.9983;1.7602
187;2.3372;2.362;2.4048;1.9932;1.7573
188;2.3363;2.3593;2.4023;1.9885;1.7549
189;2.3357;2.3565;2.3995;1.9842;1.7523
190;2.3345;2.3537;2.3972;1.9798;1.7498
191;2.3324;2.351;2.395;1.9756;1.7469
192;2.3297;2.3483;2.3933;1.9714;1.7441
193;2.3269;2.3456;2.3917;1.9671;1.7412
194;2.3239;2.3413;2.3892;1.9627;1.7386
195;2.3212;2.3364;2.3873;1.959;1.7359
196;2.3185;2.3315;2.3846;1.9548;1.7333
197;2.3159;2.3268;2.3818;1.9501;1.7306
198;2.3132;2.3222;2.3793;1.9455;1.7278
199;2.3103;2.3178;2.3769;1.9416;1.7247
200;2.3073;2.3136;2.3747;1.9374;1.7217
201;2.304;2.3095;2.3731;1.9332;1.7178
202;2.3005;2.3054;2.3712;1.9287;1.714
203;2.2971;2.301;2.3681;1.9247;1.7109
204;2.2938;2.2968;2.3651;1.9204;1.7076
205;2.2906;2.2925;2.3623;1.9154;1.7042
206;2.2872;2.2882;2.3594;1.9111;1.7012
207;2.2839;2.2837;2.3569;1.9069;1.6989
208;2.2807;2.2792;2.3548;1.9029;1.6968
209;2.2774;2.2747;2.3523;1.8987;1.6946
210;2.2741;2.2705;2.3501;1.8942;1.6922
211;2.2708;2.2662;2.3482;1.8896;1.6882
212;2.2675;2.2621;2.346;1.885;1.6812
213;2.2643;2.2581;2.3424;1.8808;1.6774
214;2.2612;2.2541;2.3378;1.8769;1.6734
215;2.2581;2.2502;2.3336;1.8731;1.6686
216;2.2553;2.2462;2.33;1.8693;1.6633
217;2.2527;2.2421;2.3265;1.8653;1.6565
218;2.2501;2.2379;2.3205;1.8613;1.6506
219;2.2478;2.2338;2.3158;1.8577;1.6453
220;2.2455;2.2294;2.3113;1.8541;1.64
221;2.2434;2.2248;2.3072;1.8503;1.6342
222;2.2416;2.2201;2.303;1.8463;1.6266
223;2.2398;2.2151;2.2988;1.8422;1.6208
224;2.2382;2.2101;2.2952;1.8383;1.6163
225;2.2367;2.2052;2.2906;1.8351;1.6118
226;2.2349;2.2003;2.2849;1.8321;1.6057
227;2.233;2.1956;2.28;1.8291;1.6004
228;2.2309;2.1911;2.2758;1.8258;1.5975
229;2.2286;2.1866;2.2708;1.8221;1.5943
230;2.2262;2.1822;2.2664;1.8198;1.5881
231;2.2237;2.1777;2.2627;1.8165;1.5826
232;2.2213;2.173;2.2584;1.8123;1.5787
233;2.2191;2.1674;2.2543;1.8085;1.5738
234;2.2169;2.1632;2.2499;1.8052;1.568
235;2.2147;2.1592;2.2459;1.8022;1.5626
236;2.2126;2.1552;2.242;1.799;1.5582
237;2.2105;2.1512;2.2375;1.7956;1.5542
238;2.2082;2.1474;2.2329;1.7923;1.5495
239;2.2058;2.1439;2.2287;1.7892;1.5446
240;2.2033;2.1405;2.2247;1.7867;1.541
241;2.2005;2.1373;2.2204;1.7843;1.5366
242;2.1977;2.1341;2.2163;1.7818;1.5319
243;2.1948;2.1304;2.2118;1.7797;1.5298
244;2.1918;2.1268;2.2069;1.7772;1.5285
245;2.189;2.1231;2.2014;1.774;1.5239
246;2.1863;2.1194;2.1971;1.7697;1.5182
247;2.1838;2.1155;2.194;1.765;1.5128
248;2.1815;2.1119;2.1897;1.7612;1.5083
249;2.1796;2.1084;2.1841;1.7581;1.5038
250;2.1779;2.1049;2.1799;1.7554;1.4995
251;2.1765;2.1015;2.1757;1.7523;1.4944
252;2.1751;2.0979;2.1716;1.749;1.4906
253;2.1739;2.0944;2.1684;1.746;1.4885
254;2.1724;2.0909;2.1648;1.7428;1.485
255;2.1706;2.0876;2.1619;1.7398;1.4825
256;2.1686;2.0844;2.1569;1.7368;1.4792
257;2.1667;2.0812;2.1517;1.7343;1.4747
258;2.1645;2.0779;2.1501;1.7325;1.471
259;2.1624;2.0746;2.145;1.7309;1.4683
260;2.1602;2.0714;2.1402;1.7285;1.4657
261;2.158;2.0682;2.1363;1.7255;1.4641
262;2.1557;2.065;2.1318;1.7226;1.4652
263;2.1535;2.0618;2.1278;1.7195;1.4626
264;2.1514;2.0586;2.1243;1.7162;1.4575
265;2.149;2.0552;2.1207;1.7128;1.4497
266;2.1469;2.0519;2.1167;1.7098;1.4442
267;2.1446;2.0488;2.113;1.707;1.4429
268;2.1423;2.0456;2.1086;1.7044;1.4392
269;2.14;2.0425;2.1046;1.7021;1.4353
270;2.1376;2.0395;2.1002;1.7002;1.431
271;2.1353;2.0365;2.0957;1.6976;1.4264
272;2.1331;2.0336;2.0925;1.6947;1.4224
273;2.1309;2.0306;2.0879;1.6919;1.417
274;2.1288;2.028;2.0829;1.6887;1.4112
275;2.1269;2.0256;2.0786;1.6832;1.4069
276;2.125;2.0234;2.0752;1.6774;1.404
277;2.1231;2.0208;2.0722;1.6713;1.401
278;2.121;2.0179;2.0693;1.6652;1.3966
279;2.119;2.0147;2.067;1.658;1.3938
280;2.1169;2.0111;2.0638;1.6512;1.3922
281;2.1146;2.007;2.0597;1.6451;1.391
282;2.1123;2.0037;2.0552;1.6401;1.3887
283;2.1097;2.0006;2.0515;1.6357;1.3854
284;2.1068;1.9975;2.048;1.6315;1.3814
285;2.1039;1.9946;2.0444;1.628;1.3772
286;2.1009;1.9916;2.0408;1.6252;1.3731
287;2.0981;1.9887;2.0367;1.6206;1.3695
288;2.095;1.9858;2.0326;1.6149;1.3669
289;2.0919;1.9828;2.0288;1.609;1.3638
290;2.089;1.9798;2.0257;1.604;1.3615
291;2.0861;1.9769;2.0222;1.5995;1.3601
292;2.0833;1.9741;2.0177;1.5936;1.3583
293;2.0807;1.9712;2.0137;1.5872;1.3553
294;2.0784;1.9685;2.0106;1.5824;1.3517
295;2.0763;1.9656;2.0076;1.5784;1.3483
296;2.0737;1.9628;2.0042;1.5743;1.3452
297;2.0713;1.96;2.0007;1.5686;1.342
298;2.0691;1.9573;1.9974;1.5629;1.3386
299;2.0669;1.9545;1.995;1.5593;1.3346
300;2.0646;1.9518;1.9929;1.5558;1.3315
301;2.0624;1.9491;1.9893;1.5509;1.3284
302;2.0603;1.9463;1.9868;1.5458;1.3251
303;2.0582;1.9436;1.9832;1.5408;1.3212
304;2.0561;1.941;1.9792;1.5365;1.3176
305;2.0541;1.9382;1.9762;1.5327;1.3145
306;2.0521;1.9356;1.973;1.5298;1.3116
307;2.0501;1.9329;1.9704;1.5271;1.3088
308;2.0482;1.9302;1.9675;1.5251;1.3061
309;2.0463;1.9276;1.9632;1.5218;1.3034
310;2.0444;1.925;1.9606;1.5207;1.3003
311;2.0425;1.9225;1.957;1.5181;1.2974
312;2.0407;1.92;1.9529;1.5126;1.2949
313;2.0389;1.9176;1.9495;1.5065;1.2924
314;2.0372;1.915;1.9462;1.5004;1.2899
315;2.0355;1.9124;1.9437;1.4955;1.2873
316;2.0338;1.9098;1.9406;1.4912;1.2844
317;2.0322;1.9073;1.937;1.4875;1.2817
318;2.0305;1.9049;1.9347;1.483;1.2797
319;2.0285;1.9024;1.9351;1.4783;1.2771
320;2.0268;1.8999;1.9333;1.4754;1.2743
321;2.0251;1.8973;1.927;1.4725;1.2718
322;2.0232;1.8947;1.9222;1.4698;1.2695
323;2.0213;1.8923;1.9192;1.4673;1.2672
324;2.0193;1.8898;1.9176;1.4644;1.2651
325;2.0175;1.8874;1.9137;1.4614;1.2631
326;2.0156;1.8849;1.9097;1.4564;1.261
327;2.0137;1.8824;1.9065;1.4504;1.2584
328;2.0118;1.8798;1.9037;1.4446;1.2558
329;2.01;1.8774;1.9013;1.4406;1.2532
330;2.0081;1.8751;1.8988;1.4374;1.2507
331;2.0062;1.8729;1.8956;1.433;1.2483
332;2.004;1.8707;1.8922;1.4281;1.2459
333;2.0019;1.8682;1.8898;1.4267;1.2435
334;1.9999;1.8655;1.8867;1.4249;1.2416
335;1.9978;1.8628;1.8836;1.421;1.2399
336;1.9958;1.8601;1.8819;1.417;1.238
337;1.9938;1.8575;1.8784;1.4116;1.2357
338;1.992;1.855;1.8749;1.4056;1.2334
339;1.9901;1.8525;1.8713;1.4018;1.2308
340;1.9881;1.85;1.8682;1.3984;1.2282
341;1.9863;1.8476;1.866;1.3951;1.226
342;1.9845;1.8452;1.8633;1.3921;1.2242
343;1.9827;1.8428;1.8602;1.3887;1.2225
344;1.981;1.8405;1.8576;1.3854;1.2205
345;1.9792;1.8382;1.8553;1.3814;1.2183
346;1.9775;1.8359;1.8522;1.377;1.2163
347;1.9759;1.8337;1.8496;1.3733;1.2148
348;1.9744;1.8314;1.8473;1.3715;1.214
349;1.9727;1.8293;1.8455;1.3696;1.2131
350;1.9712;1.8271;1.8435;1.3682;1.2113
351;1.9698;1.825;1.8397;1.3639;1.2086
352;1.9684;1.8228;1.8372;1.3595;1.2055
353;1.967;1.8207;1.8342;1.3555;1.2023
354;1.9655;1.8187;1.8318;1.3523;1.1993
355;1.964;1.8166;1.8294;1.3492;1.1966
356;1.9626;1.8145;1.8263;1.3464;1.1939
357;1.961;1.8124;1.8236;1.3415;1.1913
358;1.9595;1.8104;1.8209;1.338;1.1891
359;1.9579;1.8084;1.8178;1.3356;1.187
360;1.9563;1.8065;1.8143;1.3342;1.1847
361;1.9547;1.8046;1.8115;1.3327;1.1824
362;1.9531;1.8028;1.8091;1.3295;1.1805
363;1.9514;1.8009;1.8069;1.3269;1.1786
364;1.9497;1.7991;1.8044;1.3255;1.1766
365;1.948;1.7972;1.8018;1.3232;1.1749
366;1.9463;1.7951;1.7989;1.3194;1.1735
367;1.9445;1.7931;1.7972;1.3159;1.1722
368;1.9426;1.7911;1.7954;1.3139;1.1712
369;1.9408;1.7891;1.7932;1.3115;1.1705
370;1.9389;1.7871;1.7902;1.3076;1.17
371;1.9369;1.7851;1.7867;1.3029;1.1689
372;1.9351;1.7832;1.7842;1.3002;1.1672
373;1.9331;1.7812;1.7823;1.2982;1.1651
374;1.9312;1.7793;1.78;1.2964;1.1626
375;1.9294;1.7775;1.7774;1.2937;1.1603
376;1.9276;1.7756;1.7761;1.2915;1.1581
377;1.9259;1.7736;1.7742;1.2898;1.1561
378;1.9241;1.7717;1.7713;1.288;1.154
379;1.9223;1.7698;1.7689;1.2864;1.1516
380;1.9205;1.768;1.7666;1.2837;1.1493
381;1.9188;1.7661;1.7643;1.2802;1.1471
382;1.917;1.7644;1.7619;1.2769;1.1456
383;1.9152;1.7627;1.7595;1.2746;1.1439
384;1.9135;1.7609;1.7583;1.2719;1.1422
385;1.9118;1.7591;1.7575;1.2699;1.1405
386;1.9101;1.7572;1.7537;1.269;1.1385
387;1.9083;1.7553;1.7499;1.2681;1.1364
388;1.9067;1.7533;1.7479;1.2652;1.1348
389;1.9049;1.7515;1.7462;1.2604;1.133
390;1.9032;1.7497;1.7438;1.2565;1.1312
391;1.9015;1.7478;1.7417;1.2534;1.1292
392;1.8999;1.7461;1.7388;1.2519;1.1274
393;1.8983;1.7444;1.7366;1.2501;1.126
394;1.8967;1.7428;1.7343;1.2474;1.1248
395;1.8951;1.7411;1.7325;1.2447;1.1238
396;1.8934;1.7394;1.73;1.2425;1.1225
397;1.8919;1.7378;1.7279;1.2408;1.1207