Time_Sec;D_0.1(t);D_0.2(t);D_0.3(t);D_0.05(t);D_0.15(t);D_0.25(t)
0;2.8697;2.7339;3.1463;2.9444;2.8115;2.4819
1;2.8716;2.7293;3.1391;2.9462;2.809;2.4793
2;2.8733;2.7242;3.132;2.9492;2.8064;2.4767
3;2.8754;2.7166;3.125;2.9508;2.803;2.4742
4;2.8778;2.7075;3.1182;2.9501;2.7988;2.472
5;2.8807;2.6971;3.1114;2.9487;2.794;2.4698
6;2.8842;2.6862;3.1048;2.9464;2.7887;2.4684
7;2.8874;2.6752;3.0984;2.9436;2.7836;2.4677
8;2.8904;2.6644;3.092;2.9418;2.7785;2.4665
9;2.893;2.6538;3.0858;2.9407;2.7737;2.4639
10;2.895;2.6438;3.0797;2.9397;2.7694;2.4609
11;2.8967;2.6348;3.0736;2.9387;2.7651;2.458
12;2.8981;2.627;3.0677;2.9375;2.7606;2.4551
13;2.899;2.6207;3.0618;2.9352;2.756;2.4522
14;2.8998;2.6159;3.0559;2.9314;2.7515;2.4493
15;2.9001;2.6126;3.0501;2.9261;2.7469;2.4464
16;2.8996;2.6103;3.0444;2.9196;2.7424;2.4434
17;2.8985;2.6089;3.0386;2.9118;2.7381;2.44
18;2.8971;2.6082;3.0332;2.9036;2.7338;2.436
19;2.8956;2.608;3.028;2.8956;2.7298;2.4316
20;2.8936;2.6076;3.023;2.8878;2.7258;2.4268
21;2.8913;2.6067;3.0181;2.88;2.7218;2.4217
22;2.8889;2.6043;3.0132;2.872;2.718;2.4166
23;2.886;2.6003;3.0082;2.8651;2.7141;2.4114
24;2.8829;2.5948;3.0033;2.8589;2.7103;2.406
25;2.879;2.5877;2.997;2.854;2.7067;2.4004
26;2.8731;2.579;2.9874;2.8501;2.703;2.3946
27;2.8651;2.5689;2.9779;2.847;2.6995;2.3885
28;2.8555;2.558;2.9685;2.8443;2.6961;2.3821
29;2.8447;2.5469;2.959;2.8419;2.6928;2.3753
30;2.8332;2.5358;2.9496;2.8405;2.6894;2.3682
31;2.8214;2.525;2.9401;2.8391;2.6861;2.3608
32;2.8088;2.5145;2.931;2.8378;2.6827;2.3531
33;2.7958;2.5044;2.9218;2.8365;2.6795;2.3452
34;2.7821;2.4951;2.9128;2.8355;2.6761;2.3295
35;2.7681;2.4866;2.904;2.8345;2.6729;2.3133
36;2.7546;2.4788;2.8953;2.8336;2.6697;2.2976
37;2.7419;2.4715;2.8866;2.8328;2.6664;2.2826
38;2.7301;2.4648;2.8777;2.8321;2.6633;2.2684
39;2.7196;2.4587;2.8685;2.8315;2.6601;2.255
40;2.7103;2.4532;2.8588;2.8309;2.657;2.2426
41;2.7028;2.4482;2.8493;2.8304;2.6538;2.2315
42;2.6967;2.4437;2.8397;2.8298;2.6509;2.2213
43;2.6915;2.4395;2.8302;2.8291;2.6478;2.2115
44;2.6863;2.4356;2.8205;2.8283;2.6445;2.2019
45;2.6814;2.4322;2.8112;2.8272;2.6414;2.1925
46;2.6766;2.4293;2.8023;2.826;2.638;2.1832
47;2.6717;2.4268;2.7935;2.8246;2.6346;2.174
48;2.6672;2.4246;2.7849;2.823;2.6311;2.165
49;2.6631;2.4225;2.7764;2.8212;2.6274;2.1564
50;2.6599;2.4206;2.768;2.8194;2.6237;2.1478
51;2.6575;2.419;2.7596;2.8176;2.6203;2.1396
52;2.6558;2.4174;2.7513;2.816;2.617;2.1316
53;2.6547;2.4158;2.7432;2.8146;2.6137;2.1238
54;2.654;2.414;2.735;2.8137;2.6107;2.1165
55;2.6536;2.412;2.7268;2.8131;2.6077;2.1092
56;2.6528;2.41;2.7187;2.813;2.6049;2.1023
57;2.6511;2.4078;2.7108;2.8131;2.6022;2.0954
58;2.6488;2.4059;2.703;2.8134;2.5995;2.0888
59;2.6466;2.4042;2.6952;2.8141;2.5968;2.0824
60;2.6447;2.4028;2.6877;2.815;2.5941;2.0761
61;2.6438;2.4016;2.6804;2.816;2.5913;2.0702
62;2.6435;2.4006;2.6732;2.8174;2.5885;2.0645
63;2.6434;2.3995;2.6659;2.8188;2.5856;2.0591
64;2.6431;2.3985;2.6587;2.8203;2.5826;2.0541
65;2.6419;2.3976;2.6515;2.8217;2.5795;2.0494
66;2.6402;2.397;2.6442;2.8232;2.5762;2.0451
67;2.638;2.3968;2.6372;2.8246;2.5727;2.0411
68;2.6355;2.397;2.6302;2.8261;2.5692;2.0374
69;2.6328;2.3973;2.6233;2.8276;2.5656;2.0338
70;2.6298;2.3976;2.6166;2.8291;2.5619;2.03
71;2.6267;2.3977;2.6098;2.8305;2.5582;2.026
72;2.6237;2.3973;2.6032;2.8316;2.5545;2.0216
73;2.6207;2.3966;2.5966;2.8325;2.5509;2.0168
74;2.6178;2.3957;2.59;2.833;2.5473;2.0118
75;2.615;2.3947;2.5835;2.8334;2.5437;2.0066
76;2.6122;2.3937;2.5773;2.8334;2.5402;2.0012
77;2.6091;2.3929;2.5709;2.8331;2.5366;1.9957
78;2.6057;2.392;2.5647;2.8327;2.5329;1.9901
79;2.6021;2.3911;2.5585;2.8324;2.5292;1.9844
80;2.5983;2.39;2.5524;2.8322;2.5256;1.9787
81;2.5944;2.3887;2.5465;2.8317;2.5219;1.9729
82;2.5906;2.3871;2.5404;2.8311;2.5183;1.9672
83;2.5868;2.3851;2.5344;2.8302;2.5146;1.9613
84;2.5831;2.3827;2.5284;2.8292;2.511;1.9554
85;2.5795;2.3799;2.5224;2.8282;2.5074;1.9492
86;2.5759;2.3769;2.5163;2.8273;2.5038;1.9431
87;2.5722;2.3736;2.5105;2.8265;2.5002;1.9369
88;2.5686;2.3702;2.5049;2.8257;2.4966;1.9306
89;2.5651;2.3667;2.4994;2.825;2.4931;1.9243
90;2.5616;2.363;2.4939;2.824;2.4895;1.918
91;2.5582;2.3593;2.4885;2.8227;2.4859;1.9118
92;2.555;2.3554;2.4832;2.8212;2.4823;1.9057
93;2.5519;2.3514;2.4778;2.8193;2.4787;1.8996
94;2.5488;2.3472;2.4726;2.8172;2.4751;1.8937
95;2.5458;2.3408;2.4675;2.8148;2.4716;1.8878
96;2.5427;2.3315;2.4624;2.8124;2.4681;1.8821
97;2.5393;2.322;2.4574;2.8098;2.4647;1.8766
98;2.5354;2.3122;2.4524;2.8073;2.4612;1.8713
99;2.531;2.3022;2.4477;2.8048;2.4577;1.8659
100;2.5263;2.2923;2.443;2.8025;2.4544;1.8608
101;2.5212;2.2825;2.4383;2.8004;2.451;1.8558
102;2.5159;2.2728;2.4338;2.7985;2.4477;1.8512
103;2.5109;2.2633;2.4294;2.7968;2.4443;1.8468
104;2.5066;2.2539;2.4248;2.7954;2.4411;1.8428
105;2.5031;2.2447;2.4203;2.7942;2.4379;1.8392
106;2.5004;2.2358;2.4157;2.793;2.4346;1.8359
107;2.4983;2.227;2.4111;2.7921;2.4314;1.8328
108;2.4968;2.2185;2.4067;2.7909;2.4282;1.8298
109;2.4958;2.2102;2.4021;2.7897;2.425;1.827
110;2.4953;2.2022;2.3976;2.7884;2.422;1.8242
111;2.4954;2.1942;2.393;2.7869;2.419;1.8215
112;2.4959;2.1865;2.3886;2.7851;2.4161;1.8187
113;2.4966;2.1789;2.3841;2.783;2.4132;1.8158
114;2.4974;2.1715;2.3799;2.7808;2.4102;1.8128
115;2.4981;2.1642;2.3755;2.7783;2.4072;1.8097
116;2.4987;2.1571;2.3715;2.7757;2.4042;1.8066
117;2.499;2.15;2.3672;2.7731;2.4011;1.8036
118;2.4991;2.143;2.363;2.7704;2.398;1.8005
119;2.4991;2.1361;2.3586;2.7677;2.3949;1.7974
120;2.4989;2.1296;2.3546;2.765;2.392;1.7942
121;2.4984;2.1231;2.3507;2.7625;2.389;1.791
122;2.4978;2.1169;2.3468;2.76;2.386;1.7876
123;2.4969;2.1111;2.3411;2.7575;2.3831;1.7842
124;2.4958;2.1055;2.333;2.7553;2.3801;1.7804
125;2.4943;2.1002;2.3245;2.753;2.3771;1.7764
126;2.4927;2.0952;2.3165;2.7509;2.3742;1.7721
127;2.4912;2.0904;2.309;2.7487;2.3714;1.7675
128;2.4895;2.0859;2.3016;2.7465;2.3685;1.7627
129;2.4879;2.0816;2.2945;2.7443;2.3656;1.7577
130;2.4863;2.0773;2.2871;2.7421;2.3628;1.7527
131;2.4847;2.0731;2.2798;2.7398;2.36;1.7475
132;2.4832;2.0688;2.2726;2.7375;2.3572;1.7424
133;2.4815;2.0643;2.2657;2.7351;2.3544;1.7372
134;2.4799;2.0596;2.2588;2.7326;2.3516;1.732
135;2.4781;2.0545;2.2516;2.7303;2.3489;1.7268
136;2.4761;2.0491;2.2446;2.7279;2.3463;1.7215
137;2.4739;2.0434;2.2378;2.7258;2.3425;1.7163
138;2.4712;2.0374;2.2311;2.7237;2.3373;1.7111
139;2.4682;2.0312;2.2245;2.7216;2.332;1.706
140;2.4649;2.0249;2.2183;2.7198;2.3269;1.7009
141;2.4611;2.0185;2.2119;2.7179;2.3217;1.6959
142;2.457;2.0122;2.2055;2.7161;2.3165;1.6909
143;2.4526;2.0058;2.1993;2.7143;2.3114;1.6828
144;2.4481;1.9995;2.1934;2.7126;2.3062;1.6732
145;2.4434;1.9934;2.1877;2.7109;2.3012;1.6637
146;2.4388;1.9874;2.1823;2.7093;2.2961;1.6543
147;2.4343;1.9816;2.1769;2.7076;2.2911;1.645
148;2.4299;1.9759;2.1712;2.7058;2.2861;1.6359
149;2.4258;1.9703;2.1649;2.7042;2.281;1.6267
150;2.4222;1.9648;2.1585;2.7026;2.276;1.6177
151;2.4187;1.9594;2.152;2.7009;2.2709;1.6088
152;2.4155;1.954;2.1455;2.6992;2.2659;1.6
153;2.4125;1.9486;2.1394;2.6975;2.2609;1.5913
154;2.4099;1.9433;2.1334;2.6957;2.2559;1.5826
155;2.4077;1.9379;2.128;2.6941;2.2509;1.574
156;2.406;1.9326;2.1224;2.6923;2.2461;1.5656
157;2.4047;1.9272;2.1168;2.6907;2.2413;1.5574
158;2.4036;1.9219;2.1111;2.689;2.2365;1.5493
159;2.4025;1.9166;2.1058;2.6873;2.2318;1.5416
160;2.4015;1.9112;2.1006;2.6858;2.227;1.5339
161;2.4002;1.9056;2.0954;2.6843;2.2223;1.5264
162;2.3987;1.8999;2.0902;2.6828;2.2177;1.519
163;2.3968;1.8942;2.0852;2.6813;2.213;1.5118
164;2.3946;1.8883;2.0803;2.68;2.2083;1.5046
165;2.392;1.8823;2.0755;2.6787;2.2036;1.4975
166;2.3891;1.8764;2.0711;2.6774;2.1989;1.4906
167;2.3859;1.8704;2.0667;2.676;2.1941;1.4837
168;2.3824;1.8645;2.0618;2.6748;2.1894;1.4769
169;2.3787;1.8586;2.0569;2.6736;2.1847;1.4701
170;2.3747;1.8527;2.0519;2.6725;2.1801;1.4635
171;2.3707;1.8468;2.0474;2.6715;2.1755;1.4568
172;2.3665;1.8409;2.0431;2.6705;2.171;1.4503
173;2.3624;1.8349;2.0392;2.6694;2.1664;1.4437
174;2.3585;1.829;2.035;2.6684;2.162;1.4371
175;2.3548;1.8231;2.031;2.6674;2.1574;1.4304
176;2.3512;1.8172;2.0262;2.6664;2.153;1.424
177;2.3477;1.8114;2.0212;2.6654;2.1484;1.4174
178;2.3441;1.8057;2.0167;2.6644;2.1439;1.4109
179;2.3375;1.8001;2.012;2.6636;2.1394;1.4043
180;2.3311;1.7948;2.0077;2.6628;2.135;1.3977
181;2.3248;1.7897;2.0035;2.662;2.1305;1.3911
182;2.3186;1.7848;1.9997;2.6613;2.1261;1.3844
183;2.3124;1.78;1.9962;2.6605;2.1217;1.3776
184;2.3061;1.7756;1.9927;2.6598;2.1172;1.3709
185;2.2999;1.7715;1.989;2.659;2.1128;1.3642
186;2.294;1.7676;1.985;2.6582;2.1083;1.3576
187;2.2884;1.764;1.9809;2.6575;2.104;1.3508
188;2.2832;1.7604;1.977;2.6568;2.0996;1.3441
189;2.2784;1.757;1.9731;2.656;2.0952;1.3372
190;2.2741;1.7536;1.9693;2.6553;2.0908;1.3305
191;2.27;1.7505;1.966;2.6546;2.0866;1.3237
192;2.2663;1.7475;1.9624;2.6539;2.0822;1.3171
193;2.2626;1.7447;1.9585;2.6532;2.0779;1.3105
194;2.2591;1.7418;1.9548;2.6523;2.0736;1.304
195;2.2557;1.7392;1.9514;2.6515;2.0693;1.2973
196;2.2523;1.7367;1.948;2.6506;2.065;1.2909
197;2.2491;1.7342;1.9449;2.6496;2.0606;1.2845
198;2.246;1.7318;1.9418;2.6487;2.0563;1.2782
199;2.2431;1.7295;1.939;2.6476;2.0519;1.2719
200;2.2404;1.7273;1.9362;2.6466;2.0475;1.2657
201;2.2381;1.7251;1.9332;2.6457;2.0432;1.2595
202;2.2359;1.7229;1.9301;2.6447;2.0389;1.2535
203;2.234;1.7208;1.9271;2.6437;2.0345;1.2477
204;2.232;1.7187;1.924;2.6428;2.0302;1.2418
205;2.23;1.7167;1.9208;2.6418;2.026;1.236
206;2.2279;1.7146;1.9175;2.6409;2.0217;1.2302
207;2.2255;1.7127;1.9147;2.6399;2.0175;1.2247
208;2.2228;1.7107;1.9119;2.6389;2.0134;1.2193
209;2.2203;1.7087;1.9092;2.6378;2.0092;1.2139
210;2.2181;1.7068;1.906;2.6367;2.005;1.2085
211;2.2161;1.7048;1.903;2.6357;2.0009;1.2031
212;2.2133;1.7028;1.9002;2.6346;1.9968;1.198
213;2.21;1.7009;1.8977;2.6335;1.9927;1.1929
214;2.2069;1.699;1.8955;2.6323;1.9886;1.1877
215;2.204;1.6969;1.8934;2.6311;1.9845;1.1826
216;2.2011;1.6949;1.8905;2.6299;1.9805;1.1774
217;2.1983;1.693;1.8875;2.6287;1.9765;1.1723
218;2.1955;1.6909;1.8842;2.6275;1.9725;1.1675
219;2.1927;1.6887;1.8818;2.6262;1.9685;1.1627
220;2.1898;1.6847;1.8794;2.625;1.9644;1.1581
221;2.1869;1.6805;1.8772;2.6236;1.9602;1.1534
222;2.184;1.6765;1.8747;2.6223;1.9562;1.1487
223;2.1812;1.6722;1.8726;2.621;1.9521;1.1442
224;2.1784;1.6678;1.8704;2.6197;1.948;1.1399
225;2.1755;1.6633;1.8682;2.6184;1.944;1.1355
226;2.1728;1.6587;1.8661;2.617;1.94;1.1312
227;2.1702;1.654;1.8644;2.6156;1.936;1.1271
228;2.1676;1.6491;1.8626;2.6142;1.932;1.1231
229;2.165;1.6441;1.8603;2.6127;1.9281;1.119
230;2.1625;1.639;1.8578;2.6112;1.9242;1.115
231;2.1601;1.6337;1.8549;2.6097;1.9204;1.1112
232;2.1581;1.6284;1.8524;2.608;1.9166;1.1072
233;2.1564;1.6229;1.8504;2.6064;1.9128;1.1035
234;2.1546;1.6174;1.8482;2.6047;1.9091;1.0998
235;2.1528;1.6118;1.8462;2.603;1.9055;1.0962
236;2.1508;1.6061;1.8445;2.6014;1.9019;1.0926
237;2.149;1.6003;1.8426;2.5998;1.8982;1.089
238;2.1473;1.5944;1.8407;2.5981;1.8946;1.0853
239;2.1458;1.5886;1.839;2.5965;1.891;1.0819
240;2.1443;1.5826;1.8371;2.5948;1.8873;1.0786
241;2.1427;1.5767;1.8355;2.5932;1.8838;1.0752
242;2.1413;1.5708;1.8338;2.5916;1.8802;1.0719
243;2.1397;1.5649;1.8322;2.5901;1.8768;1.0687
244;2.138;1.5591;1.8304;2.5886;1.8732;1.0655
245;2.1361;1.5532;1.8287;2.5871;1.8698;1.0622
246;2.1343;1.5474;1.8267;2.5857;1.8664;1.0589
247;2.132;1.5417;1.8251;2.5843;1.863;1.0556
248;2.1296;1.5359;1.8234;2.5829;1.8597;1.0524
249;2.1268;1.5302;1.822;2.5816;1.8563;1.049
250;2.124;1.5245;1.82;2.5802;1.853;1.0457
251;2.1209;1.5187;1.8182;2.5789;1.8498;1.0424
252;2.1181;1.5131;1.8163;2.5777;1.8466;1.039
253;2.1152;1.5076;1.8146;2.5765;1.8433;1.0356
254;2.1126;1.502;1.8129;2.5752;1.8402;1.0303
255;2.11;1.4964;1.8111;2.574;1.837;1.0238
256;2.1076;1.4908;1.8095;2.5729;1.8339;1.0168
257;2.1056;1.4852;1.8079;2.5717;1.8307;1.0102
258;2.1036;1.4796;1.8062;2.5706;1.8275;1.0037
259;2.1015;1.4738;1.8047;2.5694;1.8245;0.9968
260;2.0994;1.468;1.803;2.5684;1.8215;0.9902
261;2.0972;1.4621;1.8014;2.5673;1.8185;0.9838
262;2.0949;1.4562;1.8;2.5663;1.8156;0.9772
263;2.0926;1.4507;1.7986;2.5653;1.8127;0.9711
264;2.0901;1.4449;1.7971;2.5642;1.8097;0.9646
265;2.0877;1.4391;1.7957;2.5632;1.8068;0.9585
266;2.0853;1.4334;1.7945;2.5621;1.8039;0.9524
267;2.0831;1.4277;1.7929;2.5611;1.8011;0.9468
268;2.0811;1.4221;1.7914;2.5601;1.7983;0.9409
269;2.0789;1.4164;1.7901;2.5591;1.7953;0.9348
270;2.0763;1.4107;1.7894;2.558;1.7924;0.9289
271;2.0737;1.4051;1.7883;2.5569;1.7895;0.923
272;2.0716;1.3993;1.7874;2.5558;1.7866;0.9172
273;2.0697;1.3937;1.7861;2.5546;1.7837;0.9113
274;2.068;1.388;1.7847;2.5535;1.7809;0.9052
275;2.0662;1.3824;1.7835;2.5523;1.778;0.8996
276;2.0645;1.3769;1.7823;2.551;1.7751;0.8938
277;2.063;1.3712;1.7808;2.5498;1.7722;0.8881
278;2.0614;1.3657;1.7804;2.5486;1.7695;0.8823
279;2.0596;1.3603;1.779;2.5473;1.7668;0.8766
280;2.0574;1.3549;1.7775;2.546;1.764;0.871
281;2.0553;1.3496;1.7764;2.5448;1.7614;0.8654
282;2.0534;1.3444;1.7753;2.5434;1.7586;0.86
283;2.0515;1.3391;1.7741;2.5421;1.7559;0.8544
284;2.0496;1.3339;1.7728;2.5407;1.7532;0.8487
285;2.0477;1.3287;1.7715;2.5394;1.7504;0.8435
286;2.0456;1.3236;1.7705;2.5381;1.7476;0.8382
287;2.0436;1.3186;1.7696;2.5367;1.7449;0.8328
288;2.0416;1.3137;1.7687;2.5353;1.7422;0.8276
289;2.0398;1.3088;1.7676;2.534;1.7394;0.8224
290;2.038;1.3039;1.7666;2.5326;1.7367;0.8176
291;2.0359;1.299;1.7653;2.5312;1.734;0.8128
292;2.0335;1.2942;1.7639;2.5298;1.7312;0.8081
293;2.0311;1.2896;1.7632;2.5284;1.7286;0.8031
294;2.0287;1.2848;1.7624;2.5271;1.726;0.7983
295;2.0263;1.2804;1.7617;2.5258;1.7234;0.7938
296;2.0241;1.2758;1.7608;2.5245;1.7209;0.7893
297;2.0218;1.2714;1.7595;2.5232;1.7183;0.7847
298;2.0196;1.2671;1.7583;2.5219;1.7157;0.7804
299;2.0173;1.2628;1.7573;2.5206;1.7132;0.776
300;2.0151;1.2587;1.7563;2.5194;1.7107;0.7721
301;2.0128;1.2547;1.7556;2.5182;1.7082;0.7678
302;2.0102;1.2509;1.7551;2.517;1.7057;0.7636
303;2.0076;1.247;1.7546;2.5158;1.7032;0.7594
304;2.0049;1.2431;1.7545;2.5147;1.7007;0.7554
305;2.0022;1.2395;1.7535;2.5135;1.6982;0.7513
306;1.9995;1.236;1.7528;2.5125;1.6958;0.7473
307;1.9969;1.2325;1.752;2.5114;1.6933;0.7432
308;1.9944;1.2288;1.7511;2.5103;1.691;0.7396
309;1.992;1.2254;1.7502;2.5093;1.6879;0.7356
310;1.9897;1.222;1.7496;2.5083;1.6831;0.732
311;1.9876;1.2185;1.7493;2.5072;1.6782;0.7281
312;1.9854;1.2151;1.7487;2.5063;1.6734;0.7243
313;1.9833;1.2117;1.7479;2.5053;1.6684;0.7208
314;1.9812;1.2082;1.7468;2.5043;1.6636;0.7172
315;1.9789;1.2048;1.7462;2.5033;1.6587;0.7139
316;1.9765;1.2014;1.7458;2.5024;1.654;0.7103
317;1.974;1.198;1.7453;2.5014;1.6491;0.7073
318;1.9715;1.1947;1.7447;2.5004;1.6444;0.7041
319;1.9689;1.1915;1.7441;2.4995;1.6398;0.7009
320;1.9663;1.1883;1.7434;2.4985;1.6352;0.6979
321;1.9637;1.1853;1.7428;2.4976;1.6306;0.6945
322;1.961;1.1822;1.7423;2.4966;1.6261;0.6916
323;1.9581;1.1792;1.7422;2.4956;1.6216;0.6887
324;1.9551;1.1761;1.742;2.4947;1.6171;0.6856
325;1.952;1.1731;1.7414;2.4938;1.6127;0.6826
326;1.9488;1.1702;1.7412;2.4928;1.6085;0.6796
327;1.9456;1.1672;1.7407;2.4919;1.6043;0.6765
328;1.9423;1.1643;1.7402;2.491;1.5999;0.6735
329;1.939;1.1614;1.74;2.4901;1.5955;0.6703
330;1.9356;1.1585;1.7402;2.4892;1.591;0.6673
331;1.9322;1.1557;1.7408;2.4883;1.5866;0.6642
332;1.9288;1.1528;1.7404;2.4873;1.5823;0.6613
333;1.9255;1.1498;1.739;2.4864;1.5778;0.6586
334;1.9223;1.1471;1.7375;2.4855;1.5736;0.6561
335;1.9194;1.1444;1.7366;2.4846;1.5692;0.6532
336;1.9163;1.1417;1.7355;2.4836;1.5649;0.6508
337;1.9129;1.1389;1.7345;2.4827;1.5608;0.6483
338;1.9093;1.1361;1.7339;2.4817;1.5564;0.6456
339;1.9063;1.1333;1.7333;2.4807;1.5523;0.6432
340;1.9034;1.1305;1.7328;2.4797;1.5483;0.6407
341;1.9007;1.1279;1.7326;2.4787;1.5442;0.6379
342;1.8981;1.1252;1.7326;2.4777;1.5403;0.6357
343;1.8958;1.1227;1.7322;2.4767;1.5363;0.6329
344;1.8936;1.1201;1.7318;2.4757;1.5322;0.6304
345;1.8915;1.1176;1.7315;2.4747;1.5284;0.6277
346;1.8898;1.1149;1.7309;2.4736;1.5247;0.6251
347;1.8882;1.1124;1.7305;2.4726;1.5209;0.6226
348;1.8866;1.11;1.7302;2.4716;1.5171;0.6198
349;1.8848;1.1076;1.7299;2.4706;1.5132;0.6171
350;1.8829;1.1052;1.7298;2.4696;1.5092;0.6145
351;1.8808;1.1029;1.7295;2.4686;1.5052;0.612
352;1.8785;1.1005;1.7297;2.4676;1.5012;0.6094
353;1.8761;1.0982;1.7295;2.4666;1.4972;0.6068
354;1.8739;1.096;1.7293;2.4655;1.4933;0.6044
355;1.8717;1.0937;1.7292;2.4645;1.4894;0.6016
356;1.8697;1.0914;1.7287;2.4635;1.4855;0.5993
357;1.8677;1.0892;1.7285;2.4625;1.482;0.5968
358;1.8657;1.0869;1.7284;2.4615;1.4787;0.5944
359;1.8637;1.085;1.7282;2.4606;1.4753;0.5921
360;1.8616;1.0827;1.7281;2.4596;1.4715;0.5898
361;1.8598;1.0806;1.7277;2.4587;1.4675;0.5878
362;1.8578;1.0784;1.7274;2.4578;1.4635;0.5852
363;1.8559;1.0762;1.7268;2.4569;1.4596;0.583
364;1.854;1.0741;1.726;2.4559;1.4557;0.5806
365;1.852;1.072;1.7256;2.455;1.4518;0.5782
366;1.85;1.07;1.7252;2.454;1.4481;0.5758
367;1.848;1.068;1.7249;2.453;1.4446;0.5736
368;1.846;1.0659;1.7241;2.4518;1.441;0.5712
369;1.8441;1.0639;1.7237;2.4507;1.4374;0.569
370;1.8422;1.0619;1.7232;2.4496;1.4337;0.5667
371;1.8405;1.0599;1.7228;2.4485;1.4302;0.5646
372;1.8389;1.0579;1.7224;2.4475;1.4267;0.5622
373;1.8372;1.0558;1.7224;2.4464;1.4233;0.5602
374;1.8357;1.0539;1.722;2.4453;1.4199;0.5581
375;1.8339;1.0519;1.7217;2.4442;1.4164;0.5561
376;1.8321;1.0499;1.7212;2.4432;1.4131;0.5543
377;1.8305;1.048;1.7212;2.4421;1.4096;0.552
378;1.8289;1.0462;1.7208;2.441;1.4061;0.5504
379;1.8273;1.0444;1.7203;2.44;1.4029;0.5483
380;1.8256;1.0425;1.7201;2.4389;1.3995;0.5466
381;1.824;1.0407;1.72;2.4379;1.3963;0.5445
382;1.8223;1.0389;1.72;2.437;1.3931;0.5426
383;1.8208;1.037;1.7198;2.436;1.3899;0.5408
384;1.8196;1.0353;1.7197;2.435;1.3868;0.5389
385;1.8184;1.0331;1.7197;2.434;1.3835;0.5373
386;1.8174;1.0297;1.7196;2.4331;1.3804;0.5356
387;1.8164;1.0262;1.7197;2.4321;1.3771;0.5336
388;1.8153;1.0226;1.7195;2.4313;1.3738;0.532
389;1.8141;1.0191;1.719;2.4304;1.3707;0.5303
390;1.8128;1.016;1.7182;2.4296;1.3674;0.5283
391;1.8113;1.0133;1.7176;2.4288;1.3642;0.5267
392;1.8097;1.0109;1.7169;2.4281;1.361;0.5253
393;1.8081;1.0081;1.7164;2.4274;1.3579;0.5236
394;1.8067;1.0049;1.7158;2.4266;1.3547;0.5221
395;1.8054;1.0015;1.7155;2.4257;1.3519;0.5206
396;1.8042;0.998;1.715;2.4249;1.349;0.519
397;1.8032;0.9942;1.7145;2.4241;1.3462;0.5176