Time_Sec,IV21,IV22,IV23,IV24,IV25,IV26
0.0,1.842,1.9715,1.9367,1.6975,1.962,2.1157
2.0,1.8339,1.9557,1.918,1.6886,1.945,2.0934
4.0,1.8247,1.9406,1.9013,1.679,1.929,2.0736
6.0,1.8153,1.9242,1.8839,1.6686,1.9137,2.0563
8.0,1.8062,1.9063,1.8664,1.6567,1.894,2.0416
10.0,1.7965,1.8904,1.8485,1.6435,1.8764,2.0269
12.0,1.7867,1.8745,1.8318,1.6298,1.8589,2.006
14.0,1.776,1.8578,1.8157,1.6161,1.8415,1.9846
16.0,1.7646,1.841,1.7991,1.6025,1.8239,1.9643
18.0,1.7534,1.8243,1.7819,1.5887,1.8065,1.9439
20.0,1.7428,1.8078,1.7642,1.5745,1.7895,1.9254
22.0,1.7331,1.7914,1.7473,1.5595,1.7725,1.9077
24.0,1.724,1.7753,1.7303,1.5445,1.7556,1.8899
26.0,1.7151,1.7594,1.7133,1.5296,1.7386,1.872
28.0,1.7059,1.7439,1.6954,1.5149,1.7216,1.8535
30.0,1.6972,1.7285,1.678,1.5007,1.7051,1.8345
32.0,1.6889,1.713,1.6614,1.4871,1.6889,1.8147
34.0,1.6811,1.6979,1.6453,1.4739,1.6723,1.7945
36.0,1.6731,1.6828,1.6295,1.4612,1.6558,1.7745
38.0,1.665,1.6678,1.6139,1.4485,1.64,1.7544
40.0,1.6563,1.6526,1.598,1.4354,1.6241,1.735
42.0,1.6483,1.6374,1.582,1.4209,1.6087,1.7161
44.0,1.6405,1.6225,1.5664,1.4075,1.5939,1.6977
46.0,1.6326,1.6079,1.551,1.3942,1.5791,1.6798
48.0,1.625,1.5937,1.5362,1.3808,1.564,1.6624
50.0,1.6171,1.5795,1.5217,1.3676,1.5489,1.6451
52.0,1.6092,1.5657,1.5067,1.3545,1.5336,1.6281
54.0,1.6014,1.5519,1.492,1.3414,1.5185,1.6114
56.0,1.5936,1.5382,1.4774,1.3283,1.5035,1.595
58.0,1.5861,1.5246,1.4628,1.3152,1.489,1.579
60.0,1.5789,1.5111,1.4486,1.3026,1.4744,1.5635
62.0,1.5718,1.4976,1.4344,1.2906,1.4598,1.5482
64.0,1.5649,1.4843,1.4203,1.279,1.4457,1.533
66.0,1.558,1.471,1.4065,1.2674,1.4321,1.518
68.0,1.5509,1.4579,1.393,1.2558,1.4184,1.5029
70.0,1.5439,1.445,1.3797,1.2444,1.4047,1.4882
72.0,1.5369,1.4322,1.3666,1.233,1.3911,1.4734
74.0,1.5298,1.4194,1.3536,1.2218,1.3777,1.4586
76.0,1.5226,1.4069,1.3406,1.2108,1.3644,1.4439
78.0,1.516,1.3944,1.3277,1.1999,1.3512,1.4293
80.0,1.5089,1.3819,1.315,1.1889,1.3378,1.4148
82.0,1.5016,1.3695,1.3023,1.178,1.3241,1.4004
84.0,1.4942,1.3572,1.2898,1.1671,1.311,1.386
86.0,1.487,1.3451,1.2775,1.1561,1.2982,1.3716
88.0,1.4798,1.3332,1.2654,1.1453,1.2856,1.3574
90.0,1.4726,1.3213,1.2535,1.1345,1.2732,1.3432
92.0,1.4653,1.3096,1.2416,1.1239,1.2611,1.3291
94.0,1.4581,1.298,1.2298,1.1134,1.2489,1.3151
96.0,1.4507,1.2865,1.2181,1.1031,1.2369,1.3015
98.0,1.4437,1.2751,1.2066,1.0928,1.2248,1.2882
100.0,1.4365,1.2638,1.1952,1.0826,1.2127,1.2751
102.0,1.4293,1.2527,1.184,1.0725,1.2007,1.2623
104.0,1.422,1.2416,1.1728,1.0625,1.1888,1.2498
106.0,1.4149,1.2306,1.1619,1.0526,1.1769,1.2378
108.0,1.4077,1.2198,1.151,1.0428,1.1655,1.2251
110.0,1.4006,1.209,1.1402,1.0331,1.1543,1.2122
112.0,1.3935,1.1983,1.1296,1.0237,1.1429,1.2
114.0,1.3865,1.1877,1.1191,1.0144,1.1316,1.1879
116.0,1.3796,1.1771,1.1087,1.0053,1.1207,1.176
118.0,1.3729,1.1667,1.0984,0.9963,1.1099,1.1641
120.0,1.366,1.1564,1.0882,0.9874,1.0991,1.1525
122.0,1.3593,1.1463,1.0781,0.9786,1.0885,1.1409
124.0,1.3526,1.1363,1.0681,0.9699,1.0783,1.1295
126.0,1.3461,1.1264,1.0582,0.9614,1.0682,1.1183
128.0,1.3397,1.1165,1.0484,0.953,1.058,1.1073
130.0,1.3335,1.1068,1.0388,0.9449,1.0477,1.0963
132.0,1.3273,1.0972,1.0292,0.9368,1.0375,1.0854
134.0,1.3212,1.0878,1.0198,0.9289,1.0276,1.0746
136.0,1.315,1.0785,1.0105,0.9212,1.0175,1.0637
138.0,1.3089,1.0692,1.0012,0.9136,1.0078,1.053
140.0,1.3026,1.06,0.992,0.9058,0.9982,1.0424
142.0,1.2965,1.0508,0.983,0.8982,0.9889,1.032
144.0,1.2904,1.0418,0.9741,0.8904,0.9797,1.0218
146.0,1.2842,1.0329,0.9652,0.8828,0.9704,1.0116
148.0,1.278,1.024,0.9564,0.8754,0.9614,1.0018
150.0,1.2717,1.0153,0.9478,0.8681,0.9526,0.9921
152.0,1.2655,1.0067,0.9393,0.8607,0.9438,0.9825
154.0,1.2595,0.9982,0.9309,0.8533,0.9351,0.9731
156.0,1.2536,0.9899,0.9226,0.846,0.9263,0.9637
158.0,1.2477,0.9816,0.9144,0.8389,0.9178,0.9544
160.0,1.2418,0.9734,0.9064,0.8319,0.9093,0.9453
162.0,1.2359,0.9651,0.8984,0.8251,0.901,0.9363
164.0,1.2301,0.9568,0.8905,0.8183,0.8929,0.9275
166.0,1.2243,0.9486,0.8825,0.8116,0.885,0.9187
168.0,1.2185,0.9405,0.8748,0.8049,0.8771,0.9101
170.0,1.2127,0.9326,0.8671,0.7984,0.8691,0.9017
172.0,1.2069,0.9249,0.8596,0.7919,0.8613,0.8933
174.0,1.2012,0.9172,0.8521,0.7854,0.8535,0.885
176.0,1.1956,0.9096,0.8447,0.779,0.8459,0.8768
178.0,1.1902,0.902,0.8374,0.7724,0.8383,0.8687
180.0,1.1848,0.8945,0.8302,0.7659,0.8309,0.8606
182.0,1.1793,0.8872,0.8232,0.7596,0.8235,0.8526
184.0,1.1739,0.8802,0.8162,0.7535,0.8162,0.8447
186.0,1.1685,0.8734,0.8092,0.7474,0.8089,0.8369
188.0,1.1629,0.8664,0.8023,0.7414,0.8016,0.8292
190.0,1.1574,0.8594,0.7954,0.7354,0.7945,0.8217
192.0,1.1521,0.8521,0.7888,0.7295,0.7874,0.8142
194.0,1.1468,0.8449,0.7821,0.7236,0.7804,0.8069
196.0,1.1415,0.8379,0.7755,0.7179,0.7736,0.7997
198.0,1.1365,0.8309,0.769,0.7122,0.7668,0.7926
200.0,1.1313,0.8241,0.7627,0.7067,0.7603,0.7856
202.0,1.1262,0.8174,0.7564,0.7012,0.7538,0.7787
204.0,1.121,0.8107,0.7501,0.6959,0.7473,0.7719
206.0,1.1158,0.8042,0.7438,0.6907,0.7408,0.7651
208.0,1.1106,0.7978,0.7375,0.6855,0.7345,0.7584
210.0,1.1056,0.7914,0.7315,0.6803,0.7281,0.7518
212.0,1.101,0.7851,0.7256,0.6751,0.7216,0.7452
214.0,1.0961,0.7789,0.7196,0.6699,0.7154,0.7387
216.0,1.0907,0.7728,0.7138,0.6649,0.7096,0.7323
218.0,1.0857,0.7668,0.708,0.66,0.7036,0.726
220.0,1.0808,0.7608,0.7023,0.6551,0.6976,0.7197
222.0,1.076,0.755,0.6967,0.6504,0.6918,0.7136
224.0,1.0712,0.7492,0.6912,0.6457,0.686,0.7075
226.0,1.0664,0.7435,0.6857,0.6411,0.6803,0.7014
228.0,1.0615,0.7378,0.6802,0.6365,0.6747,0.6954
230.0,1.0567,0.7322,0.6748,0.632,0.6692,0.6895
232.0,1.052,0.7267,0.6695,0.6278,0.6637,0.6837
234.0,1.0474,0.7211,0.6643,0.6235,0.6582,0.6779
236.0,1.0427,0.7156,0.6592,0.6193,0.6528,0.6723
238.0,1.038,0.7103,0.6541,0.6151,0.6474,0.6667
240.0,1.0334,0.705,0.649,0.611,0.6422,0.6612
242.0,1.0289,0.7,0.6439,0.6069,0.6371,0.6557
244.0,1.0243,0.6951,0.639,0.6029,0.632,0.6504
246.0,1.0198,0.6899,0.6342,0.5988,0.6268,0.6451
248.0,1.0153,0.6847,0.6294,0.5949,0.6218,0.6399
250.0,1.0108,0.6795,0.6247,0.5909,0.6169,0.6348
252.0,1.0064,0.6744,0.62,0.587,0.6121,0.6297
254.0,1.002,0.6694,0.6154,0.5831,0.6074,0.6247
256.0,0.9978,0.6644,0.6108,0.5792,0.6027,0.6198
258.0,0.9936,0.6596,0.6063,0.5753,0.598,0.615
260.0,0.9892,0.6548,0.6018,0.5715,0.5934,0.6102
262.0,0.9846,0.6501,0.5975,0.5678,0.5888,0.6055
264.0,0.9801,0.6454,0.5931,0.5641,0.5841,0.6009
266.0,0.9763,0.6408,0.5888,0.5603,0.5796,0.5963
268.0,0.9717,0.6362,0.5846,0.5567,0.575,0.5918
270.0,0.9676,0.6317,0.5804,0.553,0.5704,0.5874
272.0,0.9634,0.6273,0.5762,0.5494,0.5661,0.5831
274.0,0.9593,0.6229,0.5721,0.5459,0.5619,0.5787
276.0,0.9552,0.6186,0.568,0.5425,0.5578,0.5744
278.0,0.9511,0.6143,0.5641,0.5389,0.5537,0.5702
280.0,0.947,0.61,0.5602,0.5352,0.5496,0.5661
282.0,0.9424,0.6058,0.5563,0.5317,0.5457,0.562
284.0,0.9378,0.6017,0.5525,0.5282,0.5418,0.5579
286.0,0.9338,0.5975,0.5488,0.5248,0.538,0.5539
288.0,0.9298,0.5935,0.5451,0.5215,0.5341,0.55
290.0,0.9259,0.5895,0.5414,0.5183,0.5303,0.5461
292.0,0.9221,0.5856,0.5378,0.515,0.5266,0.5423
294.0,0.9183,0.5817,0.5342,0.5119,0.5229,0.5384
296.0,0.9146,0.5779,0.5306,0.5088,0.5194,0.5347
298.0,0.9108,0.5741,0.5271,0.5057,0.516,0.5309
300.0,0.907,0.5703,0.5235,0.5028,0.5126,0.5272
302.0,0.9032,0.5666,0.5201,0.4998,0.5091,0.5236
304.0,0.8995,0.5629,0.5166,0.4969,0.5057,0.5201
306.0,0.8958,0.5593,0.5132,0.494,0.5022,0.5166
308.0,0.8925,0.5557,0.5098,0.4912,0.4986,0.5131
310.0,0.8896,0.5521,0.5065,0.4884,0.4952,0.5096
312.0,0.8874,0.5486,0.5033,0.4857,0.4919,0.5063
314.0,0.8843,0.5452,0.5002,0.483,0.4886,0.5029
316.0,0.878,0.5417,0.497,0.4803,0.4854,0.4996
318.0,0.8742,0.5383,0.4939,0.4777,0.4821,0.4963
320.0,0.8707,0.535,0.4908,0.4751,0.4788,0.4931
322.0,0.8673,0.5317,0.4877,0.4725,0.4756,0.4899
324.0,0.8639,0.5286,0.4848,0.47,0.4725,0.4868
326.0,0.8605,0.5257,0.4821,0.4676,0.4694,0.4837
328.0,0.857,0.5226,0.4791,0.4652,0.4664,0.4806
330.0,0.8537,0.5194,0.4762,0.4627,0.4635,0.4776
332.0,0.8503,0.516,0.4732,0.4603,0.4605,0.4746
334.0,0.8471,0.5127,0.4704,0.4578,0.4576,0.4717
336.0,0.8437,0.5095,0.4676,0.4555,0.4548,0.4688
338.0,0.8405,0.5065,0.4648,0.4531,0.4519,0.466
340.0,0.8372,0.5035,0.462,0.4508,0.4491,0.4632
342.0,0.834,0.5005,0.4595,0.4485,0.4465,0.4604
344.0,0.8308,0.4976,0.4569,0.4462,0.4439,0.4577
346.0,0.8276,0.4947,0.4544,0.4439,0.4413,0.455
348.0,0.8244,0.4918,0.4518,0.4416,0.4386,0.4524
350.0,0.8213,0.4891,0.4492,0.4393,0.4359,0.4498
352.0,0.8182,0.4863,0.4465,0.437,0.4333,0.4472
354.0,0.8151,0.4835,0.4439,0.4349,0.4308,0.4447
356.0,0.8119,0.4807,0.4414,0.4327,0.4284,0.4422
358.0,0.8088,0.478,0.439,0.4306,0.4261,0.4397
360.0,0.8058,0.4754,0.4366,0.4285,0.4238,0.4373
362.0,0.8028,0.4728,0.4342,0.4265,0.4215,0.4349
364.0,0.7997,0.4702,0.4318,0.4245,0.4193,0.4327
366.0,0.7968,0.4677,0.4295,0.4225,0.4171,0.4306
368.0,0.7939,0.4652,0.4272,0.4205,0.4148,0.4285
370.0,0.791,0.4627,0.4249,0.4186,0.4126,0.4264
372.0,0.788,0.4603,0.4226,0.4166,0.4104,0.4243
374.0,0.785,0.4578,0.4204,0.4147,0.4081,0.4222
376.0,0.7821,0.4554,0.4183,0.4127,0.4059,0.42
378.0,0.7792,0.4531,0.4161,0.4109,0.4037,0.4178
380.0,0.7763,0.4508,0.414,0.4091,0.4016,0.4157
382.0,0.7734,0.4484,0.4119,0.4073,0.3995,0.4135
384.0,0.7706,0.4461,0.4099,0.4055,0.3974,0.4113
386.0,0.7678,0.4439,0.4079,0.4037,0.3953,0.4091
388.0,0.7649,0.4417,0.4059,0.402,0.3932,0.4068
390.0,0.7622,0.4395,0.404,0.4003,0.3912,0.4042
392.0,0.7594,0.4373,0.402,0.3987,0.3892,0.4022
394.0,0.7567,0.4352,0.4001,0.397,0.3872,0.4002
396.0,0.7541,0.4332,0.3982,0.3954,0.3853,0.3983
398.0,0.7513,0.4312,0.3963,0.3937,0.3834,0.3963
400.0,0.7487,0.4292,0.3944,0.3921,0.3815,0.3945
402.0,0.746,0.427,0.3926,0.3906,0.3796,0.3926
404.0,0.7434,0.4249,0.3908,0.389,0.3778,0.3908
406.0,0.7407,0.4226,0.3891,0.3875,0.3761,0.3891
408.0,0.7374,0.4205,0.3873,0.3859,0.3743,0.3873
410.0,0.7348,0.4185,0.3856,0.3844,0.3726,0.3856
412.0,0.7322,0.4165,0.3838,0.383,0.3708,0.3838
414.0,0.7298,0.4146,0.3821,0.3815,0.3691,0.3821
416.0,0.7272,0.4126,0.3804,0.3801,0.3674,0.3804
418.0,0.7247,0.4107,0.3788,0.3787,0.3658,0.3788
420.0,0.7222,0.409,0.3771,0.3773,0.3642,0.3771
422.0,0.7197,0.4072,0.3755,0.3759,0.3625,0.3755
424.0,0.7172,0.4053,0.374,0.3745,0.3609,0.3739
426.0,0.7147,0.4034,0.3724,0.3733,0.3593,0.3724
428.0,0.7123,0.4015,0.3707,0.3719,0.3577,0.3708
430.0,0.7099,0.3997,0.3692,0.3703,0.3561,0.3693
432.0,0.7075,0.398,0.3677,0.3689,0.3546,0.3678
434.0,0.705,0.3963,0.3662,0.3676,0.3531,0.3663
436.0,0.7026,0.3946,0.3647,0.3663,0.3517,0.3648
438.0,0.6989,0.3929,0.3633,0.365,0.3502,0.3634
440.0,0.6965,0.3912,0.3618,0.3638,0.3488,0.362
442.0,0.6943,0.3895,0.3604,0.3625,0.3474,0.3606
444.0,0.692,0.3879,0.359,0.3613,0.346,0.3592
446.0,0.6897,0.3862,0.3576,0.36,0.3446,0.3579
448.0,0.6874,0.3846,0.3562,0.3588,0.3432,0.3565
450.0,0.6852,0.383,0.3549,0.3575,0.3419,0.3553
452.0,0.6829,0.3814,0.3536,0.3563,0.3405,0.3539
454.0,0.6807,0.3799,0.3522,0.3551,0.3393,0.3526
456.0,0.6785,0.3784,0.3509,0.354,0.338,0.3513
458.0,0.6764,0.3769,0.3495,0.3529,0.3367,0.35
460.0,0.6742,0.3755,0.3482,0.3518,0.3354,0.3488
462.0,0.672,0.374,0.347,0.3507,0.3341,0.3475
464.0,0.6699,0.3726,0.3457,0.3496,0.3328,0.3463
466.0,0.6679,0.3711,0.3445,0.3484,0.3317,0.3451
468.0,0.6658,0.3697,0.3434,0.3474,0.3306,0.3439
470.0,0.6636,0.3683,0.3422,0.3464,0.3294,0.3428
472.0,0.6615,0.3669,0.341,0.3453,0.3282,0.3417
474.0,0.6595,0.3656,0.3398,0.3442,0.3271,0.3405
476.0,0.6574,0.3642,0.3387,0.3432,0.3259,0.3394
478.0,0.6554,0.3628,0.3375,0.3422,0.3248,0.3383
480.0,0.6533,0.3615,0.3363,0.3413,0.3236,0.3372
482.0,0.6513,0.3602,0.3351,0.3403,0.3225,0.3361
484.0,0.6492,0.3589,0.334,0.3393,0.3215,0.335
486.0,0.6473,0.3576,0.333,0.3383,0.3205,0.334
488.0,0.6454,0.3563,0.3319,0.3374,0.3194,0.333
490.0,0.6433,0.3551,0.3309,0.3365,0.3183,0.332
492.0,0.6413,0.3539,0.3298,0.3355,0.3173,0.331
494.0,0.6394,0.3527,0.3288,0.3346,0.3164,0.3299
496.0,0.6374,0.3515,0.3278,0.3337,0.3154,0.329
498.0,0.6355,0.3503,0.3268,0.3328,0.3144,0.328
500.0,0.6336,0.3491,0.3258,0.3319,0.3134,0.3271
502.0,0.6317,0.3479,0.3248,0.3311,0.3125,0.3262
504.0,0.6299,0.3469,0.3239,0.3303,0.3115,0.3253
506.0,0.628,0.3458,0.3229,0.3294,0.3106,0.3244
508.0,0.6262,0.3447,0.322,0.3286,0.3096,0.3235
510.0,0.6246,0.3436,0.3211,0.3277,0.3087,0.3226
512.0,0.6223,0.3424,0.3203,0.3269,0.3077,0.3217
514.0,0.6205,0.3413,0.3194,0.3262,0.3069,0.3208
516.0,0.6187,0.3402,0.3185,0.3254,0.306,0.32
518.0,0.6169,0.3392,0.3175,0.3246,0.3051,0.3192
520.0,0.6151,0.3382,0.3165,0.3238,0.3043,0.3183
522.0,0.6132,0.3371,0.3156,0.323,0.3034,0.3176
524.0,0.6116,0.3361,0.3148,0.3222,0.3026,0.3167
526.0,0.6099,0.3352,0.3139,0.3215,0.3017,0.3159
528.0,0.6082,0.3342,0.3131,0.3207,0.3009,0.3152
530.0,0.6064,0.3332,0.3123,0.32,0.3001,0.3144
532.0,0.6047,0.3322,0.3115,0.3192,0.2993,0.3136
534.0,0.6029,0.3312,0.3106,0.3185,0.2985,0.3129
536.0,0.6012,0.3302,0.3099,0.3178,0.2978,0.3121
538.0,0.5995,0.3292,0.3091,0.3172,0.297,0.3113
540.0,0.5978,0.3282,0.3083,0.3164,0.2962,0.3106
542.0,0.5961,0.3273,0.3076,0.3157,0.2955,0.3099
544.0,0.5945,0.3263,0.3068,0.3151,0.2948,0.3092
546.0,0.5928,0.3254,0.3061,0.3144,0.2941,0.3085
548.0,0.5911,0.3246,0.3054,0.3137,0.2934,0.3078
550.0,0.5896,0.3238,0.3047,0.313,0.2927,0.3071
552.0,0.588,0.323,0.304,0.3124,0.2919,0.3065
554.0,0.5864,0.3222,0.3033,0.3118,0.2912,0.3058
556.0,0.5849,0.3212,0.3027,0.3111,0.2905,0.3051
558.0,0.5833,0.3203,0.302,0.3105,0.2898,0.3045
560.0,0.5821,0.3195,0.3014,0.3099,0.2891,0.3039
562.0,0.5804,0.3186,0.3007,0.3093,0.2885,0.3032
564.0,0.5787,0.3177,0.3,0.3087,0.2879,0.3026
566.0,0.5772,0.3169,0.2994,0.3081,0.2873,0.302
568.0,0.5757,0.3161,0.2988,0.3075,0.2867,0.3014
570.0,0.5742,0.3154,0.2981,0.307,0.2861,0.3008
572.0,0.5726,0.3146,0.2975,0.3064,0.2855,0.3002
574.0,0.5711,0.3138,0.2969,0.3058,0.2849,0.2997
576.0,0.5696,0.3131,0.2963,0.3053,0.2844,0.2991
578.0,0.5682,0.3123,0.2957,0.3047,0.2837,0.2985
580.0,0.5668,0.3116,0.2951,0.3041,0.2831,0.2979
582.0,0.5654,0.3109,0.2944,0.3036,0.2825,0.2974
584.0,0.5639,0.3101,0.2938,0.3031,0.2821,0.2968
586.0,0.5624,0.3094,0.2932,0.3025,0.2815,0.2963
588.0,0.561,0.3087,0.2926,0.302,0.2809,0.2958
590.0,0.5596,0.3081,0.2921,0.3015,0.2803,0.2953
592.0,0.5582,0.3074,0.2915,0.301,0.2797,0.2948
594.0,0.5569,0.3067,0.2909,0.3005,0.2792,0.2943
596.0,0.5555,0.306,0.2904,0.3,0.2787,0.2938
598.0,0.5541,0.3054,0.2899,0.2996,0.2782,0.2933
600.0,0.5527,0.3047,0.2894,0.2991,0.2777,0.2928
